{
  "version": "20260310_120907",
  "train_date": "2026-03-10T12:10:23.291763",
  "model_names": [
    "xgboost",
    "lightgbm",
    "catboost"
  ],
  "meta_learner": "meta_learner",
  "val_auc": 0.7815,
  "val_pr_auc": 0.3154,
  "val_brier": 0.1026,
  "val_ks": 0.4627,
  "optimal_threshold": 0.1396,
  "base_model_aucs": {
    "xgboost": 0.7777,
    "lightgbm": 0.776,
    "catboost": 0.7797
  },
  "feature_importances": {
    "xgboost": {
      "dscr_fy1": 0.006259909365326166,
      "dscr_fy2": 0.00428260862827301,
      "dscr_fy3": 0.004246788565069437,
      "interest_coverage_fy1": 0.0041193654760718346,
      "interest_coverage_fy2": 0.004719485063105822,
      "ebitda_margin_fy1": 0.004348987713456154,
      "ebitda_margin_fy2": 0.0029941999819129705,
      "ebitda_margin_fy3": 0.003716411767527461,
      "pat_margin_fy1": 0.0066537149250507355,
      "pat_margin_fy2": 0.004243561532348394,
      "debt_equity_fy1": 0.0046296268701553345,
      "debt_equity_fy2": 0.0038042617961764336,
      "debt_equity_fy3": 0.0036099504213780165,
      "tol_tnw_fy1": 0.004500014707446098,
      "tol_tnw_fy2": 0.0037941483315080404,
      "current_ratio_fy1": 0.08595412969589233,
      "current_ratio_fy2": 0.011893093585968018,
      "quick_ratio_fy1": 0.16207768023014069,
      "debtor_days_fy1": 0.005949751008301973,
      "debtor_days_fy2": 0.003066285513341427,
      "creditor_days_fy1": 0.01626678556203842,
      "inventory_days_fy1": 0.0177092757076025,
      "asset_turnover_fy1": 0.004513541702181101,
      "revenue_growth_fy1": 0.0029488808941096067,
      "roce_fy1": 0.0060110618360340595,
      "roce_fy2": 0.003514755517244339,
      "gst_compliance_score": 0.003023638855665922,
      "gst_bank_inflation_ratio": 0.0027934995014220476,
      "itc_inflation_flag": 0.0,
      "circular_trading_flag": 0.0,
      "window_dressing_flag": 0.0,
      "undisclosed_borrowing_flag": 0.0056636580266058445,
      "total_ews_score_deduction": 0.004113842733204365,
      "ews_character_flags": 0.0,
      "ews_capacity_flags": 0.004377367440611124,
      "ews_capital_flags": 0.0020754425786435604,
      "ews_conditions_flags": 0.0,
      "nach_bounce_count": 0.00806784350425005,
      "going_concern_flag": 0.0,
      "director_cirp_linked": 0.0,
      "drt_case_count": 0.0144517682492733,
      "nclt_case_count": 0.0,
      "auditor_opinion_score": 0.020679829642176628,
      "mca_compliance_score": 0.008047172799706459,
      "director_risk_score": 0.009129793383181095,
      "company_age_score": 0.0041809375397861,
      "rating_direction": 0.03508748114109039,
      "network_risk_score": 0.10493707656860352,
      "supplier_default_risk": 0.004234970547258854,
      "promoter_network_risk": 0.010610341094434261,
      "negative_news_score": 0.0038623774889856577,
      "litigation_count": 0.0,
      "regulatory_risk_score": 0.0,
      "sector_risk_score": 0.02436515875160694,
      "collateral_type_score": 0.030794641003012657,
      "security_coverage_ratio": 0.2890702486038208,
      "dscr_trend": 0.0035350422840565443,
      "de_trend": 0.0029987655580043793,
      "ebitda_trend": 0.0032405985984951258,
      "fraud_flag_sum": 0.00877678208053112,
      "liq_stress": 0.002577270148321986,
      "leverage_stress": 0.003476110752671957
    },
    "lightgbm": {
      "dscr_fy1": 394,
      "dscr_fy2": 901,
      "dscr_fy3": 727,
      "interest_coverage_fy1": 128,
      "interest_coverage_fy2": 332,
      "ebitda_margin_fy1": 383,
      "ebitda_margin_fy2": 998,
      "ebitda_margin_fy3": 948,
      "pat_margin_fy1": 187,
      "pat_margin_fy2": 1189,
      "debt_equity_fy1": 331,
      "debt_equity_fy2": 664,
      "debt_equity_fy3": 742,
      "tol_tnw_fy1": 172,
      "tol_tnw_fy2": 596,
      "current_ratio_fy1": 672,
      "current_ratio_fy2": 1048,
      "quick_ratio_fy1": 117,
      "debtor_days_fy1": 518,
      "debtor_days_fy2": 1072,
      "creditor_days_fy1": 211,
      "inventory_days_fy1": 164,
      "asset_turnover_fy1": 357,
      "revenue_growth_fy1": 1017,
      "roce_fy1": 359,
      "roce_fy2": 794,
      "gst_compliance_score": 0,
      "gst_bank_inflation_ratio": 75,
      "itc_inflation_flag": 0,
      "circular_trading_flag": 4,
      "window_dressing_flag": 0,
      "undisclosed_borrowing_flag": 67,
      "total_ews_score_deduction": 69,
      "ews_character_flags": 2,
      "ews_capacity_flags": 47,
      "ews_capital_flags": 1,
      "ews_conditions_flags": 0,
      "nach_bounce_count": 225,
      "going_concern_flag": 0,
      "director_cirp_linked": 0,
      "drt_case_count": 1,
      "nclt_case_count": 0,
      "auditor_opinion_score": 463,
      "mca_compliance_score": 422,
      "director_risk_score": 250,
      "company_age_score": 1518,
      "rating_direction": 237,
      "network_risk_score": 46,
      "supplier_default_risk": 9,
      "promoter_network_risk": 111,
      "negative_news_score": 20,
      "litigation_count": 0,
      "regulatory_risk_score": 1,
      "sector_risk_score": 1404,
      "collateral_type_score": 908,
      "security_coverage_ratio": 224,
      "dscr_trend": 1271,
      "de_trend": 1160,
      "ebitda_trend": 1097,
      "fraud_flag_sum": 121,
      "liq_stress": 12,
      "leverage_stress": 14
    }
  },
  "n_features": 62
}